<?xml version="1.0" encoding="UTF-8"?>
<!DOCTYPE mapper PUBLIC "-//mybatis.org//DTD Mapper 3.0//EN" "http://mybatis.org/dtd/mybatis-3-mapper.dtd">
<mapper namespace="com.mingsoft.nvssauthor.mapper.ActionTypeMapper">
  <resultMap id="BaseResultMap" type="com.mingsoft.nvssauthor.domain.ActionType">
    <!--@mbg.generated-->
    <!--@Table action_type-->
    <id column="type" jdbcType="CHAR" property="type" />
    <result column="name" jdbcType="CHAR" property="name" />
  </resultMap>
  <sql id="Base_Column_List">
    <!--@mbg.generated-->
    `type`, `name`
  </sql>
  <select id="selectByPrimaryKey" parameterType="java.lang.String" resultMap="BaseResultMap">
    <!--@mbg.generated-->
    select 
    <include refid="Base_Column_List" />
    from action_type
    where `type` = #{type,jdbcType=CHAR}
  </select>
  <delete id="deleteByPrimaryKey" parameterType="java.lang.String">
    <!--@mbg.generated-->
    delete from action_type
    where `type` = #{type,jdbcType=CHAR}
  </delete>
  <insert id="insert" parameterType="com.mingsoft.nvssauthor.domain.ActionType">
    <!--@mbg.generated-->
    insert into action_type (`type`, `name`)
    values (#{type,jdbcType=CHAR}, #{name,jdbcType=CHAR})
  </insert>
  <insert id="insertSelective" parameterType="com.mingsoft.nvssauthor.domain.ActionType">
    <!--@mbg.generated-->
    insert into action_type
    <trim prefix="(" suffix=")" suffixOverrides=",">
      <if test="type != null">
        `type`,
      </if>
      <if test="name != null">
        `name`,
      </if>
    </trim>
    <trim prefix="values (" suffix=")" suffixOverrides=",">
      <if test="type != null">
        #{type,jdbcType=CHAR},
      </if>
      <if test="name != null">
        #{name,jdbcType=CHAR},
      </if>
    </trim>
  </insert>
  <update id="updateByPrimaryKeySelective" parameterType="com.mingsoft.nvssauthor.domain.ActionType">
    <!--@mbg.generated-->
    update action_type
    <set>
      <if test="name != null">
        `name` = #{name,jdbcType=CHAR},
      </if>
    </set>
    where `type` = #{type,jdbcType=CHAR}
  </update>
  <update id="updateByPrimaryKey" parameterType="com.mingsoft.nvssauthor.domain.ActionType">
    <!--@mbg.generated-->
    update action_type
    set `name` = #{name,jdbcType=CHAR}
    where `type` = #{type,jdbcType=CHAR}
  </update>
</mapper>