<?xml version="1.0" encoding="UTF-8"?>
<!DOCTYPE mapper PUBLIC "-//mybatis.org//DTD Mapper 3.0//EN" "http://mybatis.org/dtd/mybatis-3-mapper.dtd">
<mapper namespace="com.mingsoft.nvssauthor.mapper.AlarmDeviceMapper">
  <resultMap id="BaseResultMap" type="com.mingsoft.nvssauthor.domain.AlarmDevice">
    <!--@mbg.generated-->
    <!--@Table alarm_device-->
    <id column="id" jdbcType="CHAR" property="id" />
    <result column="name" jdbcType="CHAR" property="name" />
    <result column="channel_count" jdbcType="INTEGER" property="channelCount" />
    <result column="ip" jdbcType="CHAR" property="ip" />
    <result column="port" jdbcType="INTEGER" property="port" />
    <result column="username" jdbcType="CHAR" property="username" />
    <result column="password" jdbcType="CHAR" property="password" />
    <result column="address" jdbcType="CHAR" property="address" />
    <result column="description" jdbcType="VARCHAR" property="description" />
    <result column="status" jdbcType="BOOLEAN" property="status" />
  </resultMap>
  <sql id="Base_Column_List">
    <!--@mbg.generated-->
    id, `name`, channel_count, ip, port, username, `password`, address, description, 
    `status`
  </sql>
  <select id="selectByPrimaryKey" parameterType="java.lang.String" resultMap="BaseResultMap">
    <!--@mbg.generated-->
    select 
    <include refid="Base_Column_List" />
    from alarm_device
    where id = #{id,jdbcType=CHAR}
  </select>
  <delete id="deleteByPrimaryKey" parameterType="java.lang.String">
    <!--@mbg.generated-->
    delete from alarm_device
    where id = #{id,jdbcType=CHAR}
  </delete>
  <insert id="insert" parameterType="com.mingsoft.nvssauthor.domain.AlarmDevice">
    <!--@mbg.generated-->
    insert into alarm_device (id, `name`, channel_count, 
      ip, port, username, `password`, 
      address, description, `status`
      )
    values (#{id,jdbcType=CHAR}, #{name,jdbcType=CHAR}, #{channelCount,jdbcType=INTEGER}, 
      #{ip,jdbcType=CHAR}, #{port,jdbcType=INTEGER}, #{username,jdbcType=CHAR}, #{password,jdbcType=CHAR}, 
      #{address,jdbcType=CHAR}, #{description,jdbcType=VARCHAR}, #{status,jdbcType=BOOLEAN}
      )
  </insert>
  <insert id="insertSelective" parameterType="com.mingsoft.nvssauthor.domain.AlarmDevice">
    <!--@mbg.generated-->
    insert into alarm_device
    <trim prefix="(" suffix=")" suffixOverrides=",">
      <if test="id != null">
        id,
      </if>
      <if test="name != null">
        `name`,
      </if>
      <if test="channelCount != null">
        channel_count,
      </if>
      <if test="ip != null">
        ip,
      </if>
      <if test="port != null">
        port,
      </if>
      <if test="username != null">
        username,
      </if>
      <if test="password != null">
        `password`,
      </if>
      <if test="address != null">
        address,
      </if>
      <if test="description != null">
        description,
      </if>
      <if test="status != null">
        `status`,
      </if>
    </trim>
    <trim prefix="values (" suffix=")" suffixOverrides=",">
      <if test="id != null">
        #{id,jdbcType=CHAR},
      </if>
      <if test="name != null">
        #{name,jdbcType=CHAR},
      </if>
      <if test="channelCount != null">
        #{channelCount,jdbcType=INTEGER},
      </if>
      <if test="ip != null">
        #{ip,jdbcType=CHAR},
      </if>
      <if test="port != null">
        #{port,jdbcType=INTEGER},
      </if>
      <if test="username != null">
        #{username,jdbcType=CHAR},
      </if>
      <if test="password != null">
        #{password,jdbcType=CHAR},
      </if>
      <if test="address != null">
        #{address,jdbcType=CHAR},
      </if>
      <if test="description != null">
        #{description,jdbcType=VARCHAR},
      </if>
      <if test="status != null">
        #{status,jdbcType=BOOLEAN},
      </if>
    </trim>
  </insert>
  <update id="updateByPrimaryKeySelective" parameterType="com.mingsoft.nvssauthor.domain.AlarmDevice">
    <!--@mbg.generated-->
    update alarm_device
    <set>
      <if test="name != null">
        `name` = #{name,jdbcType=CHAR},
      </if>
      <if test="channelCount != null">
        channel_count = #{channelCount,jdbcType=INTEGER},
      </if>
      <if test="ip != null">
        ip = #{ip,jdbcType=CHAR},
      </if>
      <if test="port != null">
        port = #{port,jdbcType=INTEGER},
      </if>
      <if test="username != null">
        username = #{username,jdbcType=CHAR},
      </if>
      <if test="password != null">
        `password` = #{password,jdbcType=CHAR},
      </if>
      <if test="address != null">
        address = #{address,jdbcType=CHAR},
      </if>
      <if test="description != null">
        description = #{description,jdbcType=VARCHAR},
      </if>
      <if test="status != null">
        `status` = #{status,jdbcType=BOOLEAN},
      </if>
    </set>
    where id = #{id,jdbcType=CHAR}
  </update>
  <update id="updateByPrimaryKey" parameterType="com.mingsoft.nvssauthor.domain.AlarmDevice">
    <!--@mbg.generated-->
    update alarm_device
    set `name` = #{name,jdbcType=CHAR},
      channel_count = #{channelCount,jdbcType=INTEGER},
      ip = #{ip,jdbcType=CHAR},
      port = #{port,jdbcType=INTEGER},
      username = #{username,jdbcType=CHAR},
      `password` = #{password,jdbcType=CHAR},
      address = #{address,jdbcType=CHAR},
      description = #{description,jdbcType=VARCHAR},
      `status` = #{status,jdbcType=BOOLEAN}
    where id = #{id,jdbcType=CHAR}
  </update>
</mapper>