<?xml version="1.0" encoding="UTF-8"?>
<!DOCTYPE mapper PUBLIC "-//mybatis.org//DTD Mapper 3.0//EN" "http://mybatis.org/dtd/mybatis-3-mapper.dtd">
<mapper namespace="com.mingsoft.nvssauthor.mapper.ChannelDistributeMapper">
  <resultMap id="BaseResultMap" type="com.mingsoft.nvssauthor.domain.ChannelDistribute">
    <!--@mbg.generated-->
    <!--@Table channel_distribute-->
    <id column="id" jdbcType="BIGINT" property="id" />
    <result column="server_id" jdbcType="VARCHAR" property="serverId" />
    <result column="channel_id" jdbcType="VARCHAR" property="channelId" />
    <result column="create_time" jdbcType="VARCHAR" property="createTime" />
    <result column="create_user_id" jdbcType="VARCHAR" property="createUserId" />
    <result column="create_user_name" jdbcType="VARCHAR" property="createUserName" />
  </resultMap>
  <sql id="Base_Column_List">
    <!--@mbg.generated-->
    id, server_id, channel_id, create_time, create_user_id, create_user_name
  </sql>
  <select id="selectByPrimaryKey" parameterType="java.lang.Long" resultMap="BaseResultMap">
    <!--@mbg.generated-->
    select 
    <include refid="Base_Column_List" />
    from channel_distribute
    where id = #{id,jdbcType=BIGINT}
  </select>
  <delete id="deleteByPrimaryKey" parameterType="java.lang.Long">
    <!--@mbg.generated-->
    delete from channel_distribute
    where id = #{id,jdbcType=BIGINT}
  </delete>
  <insert id="insert" keyColumn="id" keyProperty="id" parameterType="com.mingsoft.nvssauthor.domain.ChannelDistribute" useGeneratedKeys="true">
    <!--@mbg.generated-->
    insert into channel_distribute (server_id, channel_id, create_time, 
      create_user_id, create_user_name)
    values (#{serverId,jdbcType=VARCHAR}, #{channelId,jdbcType=VARCHAR}, #{createTime,jdbcType=VARCHAR}, 
      #{createUserId,jdbcType=VARCHAR}, #{createUserName,jdbcType=VARCHAR})
  </insert>
  <insert id="insertSelective" keyColumn="id" keyProperty="id" parameterType="com.mingsoft.nvssauthor.domain.ChannelDistribute" useGeneratedKeys="true">
    <!--@mbg.generated-->
    insert into channel_distribute
    <trim prefix="(" suffix=")" suffixOverrides=",">
      <if test="serverId != null">
        server_id,
      </if>
      <if test="channelId != null">
        channel_id,
      </if>
      <if test="createTime != null">
        create_time,
      </if>
      <if test="createUserId != null">
        create_user_id,
      </if>
      <if test="createUserName != null">
        create_user_name,
      </if>
    </trim>
    <trim prefix="values (" suffix=")" suffixOverrides=",">
      <if test="serverId != null">
        #{serverId,jdbcType=VARCHAR},
      </if>
      <if test="channelId != null">
        #{channelId,jdbcType=VARCHAR},
      </if>
      <if test="createTime != null">
        #{createTime,jdbcType=VARCHAR},
      </if>
      <if test="createUserId != null">
        #{createUserId,jdbcType=VARCHAR},
      </if>
      <if test="createUserName != null">
        #{createUserName,jdbcType=VARCHAR},
      </if>
    </trim>
  </insert>
  <update id="updateByPrimaryKeySelective" parameterType="com.mingsoft.nvssauthor.domain.ChannelDistribute">
    <!--@mbg.generated-->
    update channel_distribute
    <set>
      <if test="serverId != null">
        server_id = #{serverId,jdbcType=VARCHAR},
      </if>
      <if test="channelId != null">
        channel_id = #{channelId,jdbcType=VARCHAR},
      </if>
      <if test="createTime != null">
        create_time = #{createTime,jdbcType=VARCHAR},
      </if>
      <if test="createUserId != null">
        create_user_id = #{createUserId,jdbcType=VARCHAR},
      </if>
      <if test="createUserName != null">
        create_user_name = #{createUserName,jdbcType=VARCHAR},
      </if>
    </set>
    where id = #{id,jdbcType=BIGINT}
  </update>
  <update id="updateByPrimaryKey" parameterType="com.mingsoft.nvssauthor.domain.ChannelDistribute">
    <!--@mbg.generated-->
    update channel_distribute
    set server_id = #{serverId,jdbcType=VARCHAR},
      channel_id = #{channelId,jdbcType=VARCHAR},
      create_time = #{createTime,jdbcType=VARCHAR},
      create_user_id = #{createUserId,jdbcType=VARCHAR},
      create_user_name = #{createUserName,jdbcType=VARCHAR}
    where id = #{id,jdbcType=BIGINT}
  </update>
</mapper>