<?xml version="1.0" encoding="UTF-8"?>
<!DOCTYPE mapper PUBLIC "-//mybatis.org//DTD Mapper 3.0//EN" "http://mybatis.org/dtd/mybatis-3-mapper.dtd">
<mapper namespace="com.mingsoft.nvssauthor.mapper.EncoderOutputMapper">
  <resultMap id="BaseResultMap" type="com.mingsoft.nvssauthor.domain.EncoderOutput">
    <!--@mbg.generated-->
    <!--@Table encoder_output-->
    <id column="id" jdbcType="CHAR" property="id" />
    <result column="name" jdbcType="CHAR" property="name" />
    <result column="enabled" jdbcType="BOOLEAN" property="enabled" />
    <result column="encoder_id" jdbcType="CHAR" property="encoderId" />
    <result column="num" jdbcType="INTEGER" property="num" />
    <result column="status" jdbcType="INTEGER" property="status" />
    <result column="description" jdbcType="VARCHAR" property="description" />
  </resultMap>
  <sql id="Base_Column_List">
    <!--@mbg.generated-->
    id, `name`, enabled, encoder_id, num, `status`, description
  </sql>
  <select id="selectByPrimaryKey" parameterType="java.lang.String" resultMap="BaseResultMap">
    <!--@mbg.generated-->
    select 
    <include refid="Base_Column_List" />
    from encoder_output
    where id = #{id,jdbcType=CHAR}
  </select>
  <delete id="deleteByPrimaryKey" parameterType="java.lang.String">
    <!--@mbg.generated-->
    delete from encoder_output
    where id = #{id,jdbcType=CHAR}
  </delete>
  <insert id="insert" parameterType="com.mingsoft.nvssauthor.domain.EncoderOutput">
    <!--@mbg.generated-->
    insert into encoder_output (id, `name`, enabled, 
      encoder_id, num, `status`, 
      description)
    values (#{id,jdbcType=CHAR}, #{name,jdbcType=CHAR}, #{enabled,jdbcType=BOOLEAN}, 
      #{encoderId,jdbcType=CHAR}, #{num,jdbcType=INTEGER}, #{status,jdbcType=INTEGER}, 
      #{description,jdbcType=VARCHAR})
  </insert>
  <insert id="insertSelective" parameterType="com.mingsoft.nvssauthor.domain.EncoderOutput">
    <!--@mbg.generated-->
    insert into encoder_output
    <trim prefix="(" suffix=")" suffixOverrides=",">
      <if test="id != null">
        id,
      </if>
      <if test="name != null">
        `name`,
      </if>
      <if test="enabled != null">
        enabled,
      </if>
      <if test="encoderId != null">
        encoder_id,
      </if>
      <if test="num != null">
        num,
      </if>
      <if test="status != null">
        `status`,
      </if>
      <if test="description != null">
        description,
      </if>
    </trim>
    <trim prefix="values (" suffix=")" suffixOverrides=",">
      <if test="id != null">
        #{id,jdbcType=CHAR},
      </if>
      <if test="name != null">
        #{name,jdbcType=CHAR},
      </if>
      <if test="enabled != null">
        #{enabled,jdbcType=BOOLEAN},
      </if>
      <if test="encoderId != null">
        #{encoderId,jdbcType=CHAR},
      </if>
      <if test="num != null">
        #{num,jdbcType=INTEGER},
      </if>
      <if test="status != null">
        #{status,jdbcType=INTEGER},
      </if>
      <if test="description != null">
        #{description,jdbcType=VARCHAR},
      </if>
    </trim>
  </insert>
  <update id="updateByPrimaryKeySelective" parameterType="com.mingsoft.nvssauthor.domain.EncoderOutput">
    <!--@mbg.generated-->
    update encoder_output
    <set>
      <if test="name != null">
        `name` = #{name,jdbcType=CHAR},
      </if>
      <if test="enabled != null">
        enabled = #{enabled,jdbcType=BOOLEAN},
      </if>
      <if test="encoderId != null">
        encoder_id = #{encoderId,jdbcType=CHAR},
      </if>
      <if test="num != null">
        num = #{num,jdbcType=INTEGER},
      </if>
      <if test="status != null">
        `status` = #{status,jdbcType=INTEGER},
      </if>
      <if test="description != null">
        description = #{description,jdbcType=VARCHAR},
      </if>
    </set>
    where id = #{id,jdbcType=CHAR}
  </update>
  <update id="updateByPrimaryKey" parameterType="com.mingsoft.nvssauthor.domain.EncoderOutput">
    <!--@mbg.generated-->
    update encoder_output
    set `name` = #{name,jdbcType=CHAR},
      enabled = #{enabled,jdbcType=BOOLEAN},
      encoder_id = #{encoderId,jdbcType=CHAR},
      num = #{num,jdbcType=INTEGER},
      `status` = #{status,jdbcType=INTEGER},
      description = #{description,jdbcType=VARCHAR}
    where id = #{id,jdbcType=CHAR}
  </update>
</mapper>