<?xml version="1.0" encoding="UTF-8"?>
<!DOCTYPE mapper PUBLIC "-//mybatis.org//DTD Mapper 3.0//EN" "http://mybatis.org/dtd/mybatis-3-mapper.dtd">
<mapper namespace="com.mingsoft.nvssauthor.mapper.EncoderExtraMapper">
  <resultMap id="BaseResultMap" type="com.mingsoft.nvssauthor.domain.EncoderExtra">
    <!--@mbg.generated-->
    <!--@Table encoder_extra-->
    <id column="id" jdbcType="CHAR" property="id" />
    <result column="corp" jdbcType="CHAR" property="corp" />
    <result column="type" jdbcType="INTEGER" property="type" />
    <result column="version" jdbcType="CHAR" property="version" />
    <result column="mac" jdbcType="CHAR" property="mac" />
  </resultMap>
  <sql id="Base_Column_List">
    <!--@mbg.generated-->
    id, corp, `type`, version, mac
  </sql>
  <select id="selectByPrimaryKey" parameterType="java.lang.String" resultMap="BaseResultMap">
    <!--@mbg.generated-->
    select 
    <include refid="Base_Column_List" />
    from encoder_extra
    where id = #{id,jdbcType=CHAR}
  </select>
  <delete id="deleteByPrimaryKey" parameterType="java.lang.String">
    <!--@mbg.generated-->
    delete from encoder_extra
    where id = #{id,jdbcType=CHAR}
  </delete>
  <insert id="insert" parameterType="com.mingsoft.nvssauthor.domain.EncoderExtra">
    <!--@mbg.generated-->
    insert into encoder_extra (id, corp, `type`, version, 
      mac)
    values (#{id,jdbcType=CHAR}, #{corp,jdbcType=CHAR}, #{type,jdbcType=INTEGER}, #{version,jdbcType=CHAR}, 
      #{mac,jdbcType=CHAR})
  </insert>
  <insert id="insertSelective" parameterType="com.mingsoft.nvssauthor.domain.EncoderExtra">
    <!--@mbg.generated-->
    insert into encoder_extra
    <trim prefix="(" suffix=")" suffixOverrides=",">
      <if test="id != null">
        id,
      </if>
      <if test="corp != null">
        corp,
      </if>
      <if test="type != null">
        `type`,
      </if>
      <if test="version != null">
        version,
      </if>
      <if test="mac != null">
        mac,
      </if>
    </trim>
    <trim prefix="values (" suffix=")" suffixOverrides=",">
      <if test="id != null">
        #{id,jdbcType=CHAR},
      </if>
      <if test="corp != null">
        #{corp,jdbcType=CHAR},
      </if>
      <if test="type != null">
        #{type,jdbcType=INTEGER},
      </if>
      <if test="version != null">
        #{version,jdbcType=CHAR},
      </if>
      <if test="mac != null">
        #{mac,jdbcType=CHAR},
      </if>
    </trim>
  </insert>
  <update id="updateByPrimaryKeySelective" parameterType="com.mingsoft.nvssauthor.domain.EncoderExtra">
    <!--@mbg.generated-->
    update encoder_extra
    <set>
      <if test="corp != null">
        corp = #{corp,jdbcType=CHAR},
      </if>
      <if test="type != null">
        `type` = #{type,jdbcType=INTEGER},
      </if>
      <if test="version != null">
        version = #{version,jdbcType=CHAR},
      </if>
      <if test="mac != null">
        mac = #{mac,jdbcType=CHAR},
      </if>
    </set>
    where id = #{id,jdbcType=CHAR}
  </update>
  <update id="updateByPrimaryKey" parameterType="com.mingsoft.nvssauthor.domain.EncoderExtra">
    <!--@mbg.generated-->
    update encoder_extra
    set corp = #{corp,jdbcType=CHAR},
      `type` = #{type,jdbcType=INTEGER},
      version = #{version,jdbcType=CHAR},
      mac = #{mac,jdbcType=CHAR}
    where id = #{id,jdbcType=CHAR}
  </update>
</mapper>