<?xml version="1.0" encoding="UTF-8"?>
<!DOCTYPE mapper PUBLIC "-//mybatis.org//DTD Mapper 3.0//EN" "http://mybatis.org/dtd/mybatis-3-mapper.dtd">
<mapper namespace="com.mingsoft.nvssauthor.mapper.MssChannelMapper">
  <resultMap id="BaseResultMap" type="com.mingsoft.nvssauthor.domain.MssChannel">
    <!--@mbg.generated-->
    <!--@Table mss_channel-->
    <id column="channel_id" jdbcType="CHAR" property="channelId" />
    <result column="server_id" jdbcType="CHAR" property="serverId" />
  </resultMap>
  <sql id="Base_Column_List">
    <!--@mbg.generated-->
    channel_id, server_id
  </sql>
  <select id="selectByPrimaryKey" parameterType="java.lang.String" resultMap="BaseResultMap">
    <!--@mbg.generated-->
    select 
    <include refid="Base_Column_List" />
    from mss_channel
    where channel_id = #{channelId,jdbcType=CHAR}
  </select>
  <delete id="deleteByPrimaryKey" parameterType="java.lang.String">
    <!--@mbg.generated-->
    delete from mss_channel
    where channel_id = #{channelId,jdbcType=CHAR}
  </delete>
  <insert id="insert" parameterType="com.mingsoft.nvssauthor.domain.MssChannel">
    <!--@mbg.generated-->
    insert into mss_channel (channel_id, server_id)
    values (#{channelId,jdbcType=CHAR}, #{serverId,jdbcType=CHAR})
  </insert>
  <insert id="insertSelective" parameterType="com.mingsoft.nvssauthor.domain.MssChannel">
    <!--@mbg.generated-->
    insert into mss_channel
    <trim prefix="(" suffix=")" suffixOverrides=",">
      <if test="channelId != null">
        channel_id,
      </if>
      <if test="serverId != null">
        server_id,
      </if>
    </trim>
    <trim prefix="values (" suffix=")" suffixOverrides=",">
      <if test="channelId != null">
        #{channelId,jdbcType=CHAR},
      </if>
      <if test="serverId != null">
        #{serverId,jdbcType=CHAR},
      </if>
    </trim>
  </insert>
  <update id="updateByPrimaryKeySelective" parameterType="com.mingsoft.nvssauthor.domain.MssChannel">
    <!--@mbg.generated-->
    update mss_channel
    <set>
      <if test="serverId != null">
        server_id = #{serverId,jdbcType=CHAR},
      </if>
    </set>
    where channel_id = #{channelId,jdbcType=CHAR}
  </update>
  <update id="updateByPrimaryKey" parameterType="com.mingsoft.nvssauthor.domain.MssChannel">
    <!--@mbg.generated-->
    update mss_channel
    set server_id = #{serverId,jdbcType=CHAR}
    where channel_id = #{channelId,jdbcType=CHAR}
  </update>
</mapper>