<?xml version="1.0" encoding="UTF-8"?>
<!DOCTYPE mapper PUBLIC "-//mybatis.org//DTD Mapper 3.0//EN" "http://mybatis.org/dtd/mybatis-3-mapper.dtd">
<mapper namespace="com.mingsoft.nvssauthor.mapper.NextCodeNumMapper">
  <resultMap id="BaseResultMap" type="com.mingsoft.nvssauthor.domain.NextCodeNum">
    <!--@mbg.generated-->
    <!--@Table next_code_num-->
    <id column="name" jdbcType="CHAR" property="name" />
    <result column="type_code" jdbcType="CHAR" property="typeCode" />
    <result column="num" jdbcType="INTEGER" property="num" />
  </resultMap>
  <sql id="Base_Column_List">
    <!--@mbg.generated-->
    `name`, type_code, num
  </sql>
  <select id="selectByPrimaryKey" parameterType="java.lang.String" resultMap="BaseResultMap">
    <!--@mbg.generated-->
    select 
    <include refid="Base_Column_List" />
    from next_code_num
    where `name` = #{name,jdbcType=CHAR}
  </select>
  <delete id="deleteByPrimaryKey" parameterType="java.lang.String">
    <!--@mbg.generated-->
    delete from next_code_num
    where `name` = #{name,jdbcType=CHAR}
  </delete>
  <insert id="insert" parameterType="com.mingsoft.nvssauthor.domain.NextCodeNum">
    <!--@mbg.generated-->
    insert into next_code_num (`name`, type_code, num
      )
    values (#{name,jdbcType=CHAR}, #{typeCode,jdbcType=CHAR}, #{num,jdbcType=INTEGER}
      )
  </insert>
  <insert id="insertSelective" parameterType="com.mingsoft.nvssauthor.domain.NextCodeNum">
    <!--@mbg.generated-->
    insert into next_code_num
    <trim prefix="(" suffix=")" suffixOverrides=",">
      <if test="name != null">
        `name`,
      </if>
      <if test="typeCode != null">
        type_code,
      </if>
      <if test="num != null">
        num,
      </if>
    </trim>
    <trim prefix="values (" suffix=")" suffixOverrides=",">
      <if test="name != null">
        #{name,jdbcType=CHAR},
      </if>
      <if test="typeCode != null">
        #{typeCode,jdbcType=CHAR},
      </if>
      <if test="num != null">
        #{num,jdbcType=INTEGER},
      </if>
    </trim>
  </insert>
  <update id="updateByPrimaryKeySelective" parameterType="com.mingsoft.nvssauthor.domain.NextCodeNum">
    <!--@mbg.generated-->
    update next_code_num
    <set>
      <if test="typeCode != null">
        type_code = #{typeCode,jdbcType=CHAR},
      </if>
      <if test="num != null">
        num = #{num,jdbcType=INTEGER},
      </if>
    </set>
    where `name` = #{name,jdbcType=CHAR}
  </update>
  <update id="updateByPrimaryKey" parameterType="com.mingsoft.nvssauthor.domain.NextCodeNum">
    <!--@mbg.generated-->
    update next_code_num
    set type_code = #{typeCode,jdbcType=CHAR},
      num = #{num,jdbcType=INTEGER}
    where `name` = #{name,jdbcType=CHAR}
  </update>
</mapper>