<?xml version="1.0" encoding="UTF-8"?>
<!DOCTYPE mapper PUBLIC "-//mybatis.org//DTD Mapper 3.0//EN" "http://mybatis.org/dtd/mybatis-3-mapper.dtd">
<mapper namespace="com.mingsoft.nvssauthor.mapper.OsdTypeMapper">
  <resultMap id="BaseResultMap" type="com.mingsoft.nvssauthor.domain.OsdType">
    <!--@mbg.generated-->
    <!--@Table osd_type-->
    <id column="id" jdbcType="CHAR" property="id" />
    <result column="type" jdbcType="INTEGER" property="type" />
  </resultMap>
  <sql id="Base_Column_List">
    <!--@mbg.generated-->
    id, `type`
  </sql>
  <select id="selectByPrimaryKey" parameterType="java.lang.String" resultMap="BaseResultMap">
    <!--@mbg.generated-->
    select 
    <include refid="Base_Column_List" />
    from osd_type
    where id = #{id,jdbcType=CHAR}
  </select>
  <delete id="deleteByPrimaryKey" parameterType="java.lang.String">
    <!--@mbg.generated-->
    delete from osd_type
    where id = #{id,jdbcType=CHAR}
  </delete>
  <insert id="insert" parameterType="com.mingsoft.nvssauthor.domain.OsdType">
    <!--@mbg.generated-->
    insert into osd_type (id, `type`)
    values (#{id,jdbcType=CHAR}, #{type,jdbcType=INTEGER})
  </insert>
  <insert id="insertSelective" parameterType="com.mingsoft.nvssauthor.domain.OsdType">
    <!--@mbg.generated-->
    insert into osd_type
    <trim prefix="(" suffix=")" suffixOverrides=",">
      <if test="id != null">
        id,
      </if>
      <if test="type != null">
        `type`,
      </if>
    </trim>
    <trim prefix="values (" suffix=")" suffixOverrides=",">
      <if test="id != null">
        #{id,jdbcType=CHAR},
      </if>
      <if test="type != null">
        #{type,jdbcType=INTEGER},
      </if>
    </trim>
  </insert>
  <update id="updateByPrimaryKeySelective" parameterType="com.mingsoft.nvssauthor.domain.OsdType">
    <!--@mbg.generated-->
    update osd_type
    <set>
      <if test="type != null">
        `type` = #{type,jdbcType=INTEGER},
      </if>
    </set>
    where id = #{id,jdbcType=CHAR}
  </update>
  <update id="updateByPrimaryKey" parameterType="com.mingsoft.nvssauthor.domain.OsdType">
    <!--@mbg.generated-->
    update osd_type
    set `type` = #{type,jdbcType=INTEGER}
    where id = #{id,jdbcType=CHAR}
  </update>
</mapper>