<?xml version="1.0" encoding="UTF-8"?>
<!DOCTYPE mapper PUBLIC "-//mybatis.org//DTD Mapper 3.0//EN" "http://mybatis.org/dtd/mybatis-3-mapper.dtd">
<mapper namespace="com.mingsoft.nvssauthor.mapper.PositionServerMapper">
  <resultMap id="BaseResultMap" type="com.mingsoft.nvssauthor.domain.PositionServer">
    <!--@mbg.generated-->
    <!--@Table position_server-->
    <id column="position_id" jdbcType="CHAR" property="positionId" />
    <id column="server_id" jdbcType="CHAR" property="serverId" />
  </resultMap>
  <delete id="deleteByPrimaryKey" parameterType="map">
    <!--@mbg.generated-->
    delete from position_server
    where position_id = #{positionId,jdbcType=CHAR}
      and server_id = #{serverId,jdbcType=CHAR}
  </delete>
  <insert id="insert" parameterType="com.mingsoft.nvssauthor.domain.PositionServer">
    <!--@mbg.generated-->
    insert into position_server (position_id, server_id)
    values (#{positionId,jdbcType=CHAR}, #{serverId,jdbcType=CHAR})
  </insert>
  <insert id="insertSelective" parameterType="com.mingsoft.nvssauthor.domain.PositionServer">
    <!--@mbg.generated-->
    insert into position_server
    <trim prefix="(" suffix=")" suffixOverrides=",">
      <if test="positionId != null">
        position_id,
      </if>
      <if test="serverId != null">
        server_id,
      </if>
    </trim>
    <trim prefix="values (" suffix=")" suffixOverrides=",">
      <if test="positionId != null">
        #{positionId,jdbcType=CHAR},
      </if>
      <if test="serverId != null">
        #{serverId,jdbcType=CHAR},
      </if>
    </trim>
  </insert>
</mapper>