<?xml version="1.0" encoding="UTF-8"?>
<!DOCTYPE mapper PUBLIC "-//mybatis.org//DTD Mapper 3.0//EN" "http://mybatis.org/dtd/mybatis-3-mapper.dtd">
<mapper namespace="com.mingsoft.nvssauthor.mapper.PositionEncoderMapper">
  <resultMap id="BaseResultMap" type="com.mingsoft.nvssauthor.domain.PositionEncoder">
    <!--@mbg.generated-->
    <!--@Table position_encoder-->
    <id column="position_id" jdbcType="CHAR" property="positionId" />
    <id column="encoder_id" jdbcType="CHAR" property="encoderId" />
  </resultMap>
  <delete id="deleteByPrimaryKey" parameterType="map">
    <!--@mbg.generated-->
    delete from position_encoder
    where position_id = #{positionId,jdbcType=CHAR}
      and encoder_id = #{encoderId,jdbcType=CHAR}
  </delete>
  <insert id="insert" parameterType="com.mingsoft.nvssauthor.domain.PositionEncoder">
    <!--@mbg.generated-->
    insert into position_encoder (position_id, encoder_id)
    values (#{positionId,jdbcType=CHAR}, #{encoderId,jdbcType=CHAR})
  </insert>
  <insert id="insertSelective" parameterType="com.mingsoft.nvssauthor.domain.PositionEncoder">
    <!--@mbg.generated-->
    insert into position_encoder
    <trim prefix="(" suffix=")" suffixOverrides=",">
      <if test="positionId != null">
        position_id,
      </if>
      <if test="encoderId != null">
        encoder_id,
      </if>
    </trim>
    <trim prefix="values (" suffix=")" suffixOverrides=",">
      <if test="positionId != null">
        #{positionId,jdbcType=CHAR},
      </if>
      <if test="encoderId != null">
        #{encoderId,jdbcType=CHAR},
      </if>
    </trim>
  </insert>
</mapper>