<?xml version="1.0" encoding="UTF-8"?>
<!DOCTYPE mapper PUBLIC "-//mybatis.org//DTD Mapper 3.0//EN" "http://mybatis.org/dtd/mybatis-3-mapper.dtd">
<mapper namespace="com.mingsoft.nvssauthor.mapper.PresetMapper">
  <resultMap id="BaseResultMap" type="com.mingsoft.nvssauthor.domain.Preset">
    <!--@mbg.generated-->
    <!--@Table preset-->
    <id column="channel_id" jdbcType="CHAR" property="channelId" />
    <id column="num" jdbcType="INTEGER" property="num" />
    <result column="name" jdbcType="CHAR" property="name" />
    <result column="flag" jdbcType="INTEGER" property="flag" />
  </resultMap>
  <sql id="Base_Column_List">
    <!--@mbg.generated-->
    channel_id, num, `name`, flag
  </sql>
  <select id="selectByPrimaryKey" parameterType="map" resultMap="BaseResultMap">
    <!--@mbg.generated-->
    select 
    <include refid="Base_Column_List" />
    from preset
    where channel_id = #{channelId,jdbcType=CHAR}
      and num = #{num,jdbcType=INTEGER}
  </select>
  <delete id="deleteByPrimaryKey" parameterType="map">
    <!--@mbg.generated-->
    delete from preset
    where channel_id = #{channelId,jdbcType=CHAR}
      and num = #{num,jdbcType=INTEGER}
  </delete>
  <insert id="insert" parameterType="com.mingsoft.nvssauthor.domain.Preset">
    <!--@mbg.generated-->
    insert into preset (channel_id, num, `name`, 
      flag)
    values (#{channelId,jdbcType=CHAR}, #{num,jdbcType=INTEGER}, #{name,jdbcType=CHAR}, 
      #{flag,jdbcType=INTEGER})
  </insert>
  <insert id="insertSelective" parameterType="com.mingsoft.nvssauthor.domain.Preset">
    <!--@mbg.generated-->
    insert into preset
    <trim prefix="(" suffix=")" suffixOverrides=",">
      <if test="channelId != null">
        channel_id,
      </if>
      <if test="num != null">
        num,
      </if>
      <if test="name != null">
        `name`,
      </if>
      <if test="flag != null">
        flag,
      </if>
    </trim>
    <trim prefix="values (" suffix=")" suffixOverrides=",">
      <if test="channelId != null">
        #{channelId,jdbcType=CHAR},
      </if>
      <if test="num != null">
        #{num,jdbcType=INTEGER},
      </if>
      <if test="name != null">
        #{name,jdbcType=CHAR},
      </if>
      <if test="flag != null">
        #{flag,jdbcType=INTEGER},
      </if>
    </trim>
  </insert>
  <update id="updateByPrimaryKeySelective" parameterType="com.mingsoft.nvssauthor.domain.Preset">
    <!--@mbg.generated-->
    update preset
    <set>
      <if test="name != null">
        `name` = #{name,jdbcType=CHAR},
      </if>
      <if test="flag != null">
        flag = #{flag,jdbcType=INTEGER},
      </if>
    </set>
    where channel_id = #{channelId,jdbcType=CHAR}
      and num = #{num,jdbcType=INTEGER}
  </update>
  <update id="updateByPrimaryKey" parameterType="com.mingsoft.nvssauthor.domain.Preset">
    <!--@mbg.generated-->
    update preset
    set `name` = #{name,jdbcType=CHAR},
      flag = #{flag,jdbcType=INTEGER}
    where channel_id = #{channelId,jdbcType=CHAR}
      and num = #{num,jdbcType=INTEGER}
  </update>
</mapper>