<?xml version="1.0" encoding="UTF-8"?>
<!DOCTYPE mapper PUBLIC "-//mybatis.org//DTD Mapper 3.0//EN" "http://mybatis.org/dtd/mybatis-3-mapper.dtd">
<mapper namespace="com.mingsoft.nvssauthor.mapper.PreSchemeMapper">
  <resultMap id="BaseResultMap" type="com.mingsoft.nvssauthor.domain.PreScheme">
    <!--@mbg.generated-->
    <!--@Table pre_scheme-->
    <id column="id" jdbcType="INTEGER" property="id" />
    <result column="name" jdbcType="CHAR" property="name" />
    <result column="description" jdbcType="VARCHAR" property="description" />
  </resultMap>
  <sql id="Base_Column_List">
    <!--@mbg.generated-->
    id, `name`, description
  </sql>
  <select id="selectByPrimaryKey" parameterType="java.lang.Integer" resultMap="BaseResultMap">
    <!--@mbg.generated-->
    select 
    <include refid="Base_Column_List" />
    from pre_scheme
    where id = #{id,jdbcType=INTEGER}
  </select>
  <delete id="deleteByPrimaryKey" parameterType="java.lang.Integer">
    <!--@mbg.generated-->
    delete from pre_scheme
    where id = #{id,jdbcType=INTEGER}
  </delete>
  <insert id="insert" keyColumn="id" keyProperty="id" parameterType="com.mingsoft.nvssauthor.domain.PreScheme" useGeneratedKeys="true">
    <!--@mbg.generated-->
    insert into pre_scheme (`name`, description)
    values (#{name,jdbcType=CHAR}, #{description,jdbcType=VARCHAR})
  </insert>
  <insert id="insertSelective" keyColumn="id" keyProperty="id" parameterType="com.mingsoft.nvssauthor.domain.PreScheme" useGeneratedKeys="true">
    <!--@mbg.generated-->
    insert into pre_scheme
    <trim prefix="(" suffix=")" suffixOverrides=",">
      <if test="name != null">
        `name`,
      </if>
      <if test="description != null">
        description,
      </if>
    </trim>
    <trim prefix="values (" suffix=")" suffixOverrides=",">
      <if test="name != null">
        #{name,jdbcType=CHAR},
      </if>
      <if test="description != null">
        #{description,jdbcType=VARCHAR},
      </if>
    </trim>
  </insert>
  <update id="updateByPrimaryKeySelective" parameterType="com.mingsoft.nvssauthor.domain.PreScheme">
    <!--@mbg.generated-->
    update pre_scheme
    <set>
      <if test="name != null">
        `name` = #{name,jdbcType=CHAR},
      </if>
      <if test="description != null">
        description = #{description,jdbcType=VARCHAR},
      </if>
    </set>
    where id = #{id,jdbcType=INTEGER}
  </update>
  <update id="updateByPrimaryKey" parameterType="com.mingsoft.nvssauthor.domain.PreScheme">
    <!--@mbg.generated-->
    update pre_scheme
    set `name` = #{name,jdbcType=CHAR},
      description = #{description,jdbcType=VARCHAR}
    where id = #{id,jdbcType=INTEGER}
  </update>
</mapper>