<?xml version="1.0" encoding="UTF-8"?>
<!DOCTYPE mapper PUBLIC "-//mybatis.org//DTD Mapper 3.0//EN" "http://mybatis.org/dtd/mybatis-3-mapper.dtd">
<mapper namespace="com.mingsoft.nvssauthor.mapper.PreSchemeActionMapper">
  <resultMap id="BaseResultMap" type="com.mingsoft.nvssauthor.domain.PreSchemeAction">
    <!--@mbg.generated-->
    <!--@Table pre_scheme_action-->
    <id column="scheme_id" jdbcType="INTEGER" property="schemeId" />
    <id column="action_id" jdbcType="INTEGER" property="actionId" />
  </resultMap>
  <delete id="deleteByPrimaryKey" parameterType="map">
    <!--@mbg.generated-->
    delete from pre_scheme_action
    where scheme_id = #{schemeId,jdbcType=INTEGER}
      and action_id = #{actionId,jdbcType=INTEGER}
  </delete>
  <insert id="insert" parameterType="com.mingsoft.nvssauthor.domain.PreSchemeAction">
    <!--@mbg.generated-->
    insert into pre_scheme_action (scheme_id, action_id)
    values (#{schemeId,jdbcType=INTEGER}, #{actionId,jdbcType=INTEGER})
  </insert>
  <insert id="insertSelective" parameterType="com.mingsoft.nvssauthor.domain.PreSchemeAction">
    <!--@mbg.generated-->
    insert into pre_scheme_action
    <trim prefix="(" suffix=")" suffixOverrides=",">
      <if test="schemeId != null">
        scheme_id,
      </if>
      <if test="actionId != null">
        action_id,
      </if>
    </trim>
    <trim prefix="values (" suffix=")" suffixOverrides=",">
      <if test="schemeId != null">
        #{schemeId,jdbcType=INTEGER},
      </if>
      <if test="actionId != null">
        #{actionId,jdbcType=INTEGER},
      </if>
    </trim>
  </insert>
</mapper>