<?xml version="1.0" encoding="UTF-8"?>
<!DOCTYPE mapper PUBLIC "-//mybatis.org//DTD Mapper 3.0//EN" "http://mybatis.org/dtd/mybatis-3-mapper.dtd">
<mapper namespace="com.mingsoft.nvssauthor.mapper.ResolutionMapper">
  <resultMap id="BaseResultMap" type="com.mingsoft.nvssauthor.domain.Resolution">
    <!--@mbg.generated-->
    <!--@Table resolution-->
    <id column="id" jdbcType="INTEGER" property="id" />
    <result column="width" jdbcType="INTEGER" property="width" />
    <result column="height" jdbcType="INTEGER" property="height" />
    <result column="name" jdbcType="CHAR" property="name" />
  </resultMap>
  <sql id="Base_Column_List">
    <!--@mbg.generated-->
    id, width, height, `name`
  </sql>
  <select id="selectByPrimaryKey" parameterType="java.lang.Integer" resultMap="BaseResultMap">
    <!--@mbg.generated-->
    select 
    <include refid="Base_Column_List" />
    from resolution
    where id = #{id,jdbcType=INTEGER}
  </select>
  <delete id="deleteByPrimaryKey" parameterType="java.lang.Integer">
    <!--@mbg.generated-->
    delete from resolution
    where id = #{id,jdbcType=INTEGER}
  </delete>
  <insert id="insert" parameterType="com.mingsoft.nvssauthor.domain.Resolution">
    <!--@mbg.generated-->
    insert into resolution (id, width, height, 
      `name`)
    values (#{id,jdbcType=INTEGER}, #{width,jdbcType=INTEGER}, #{height,jdbcType=INTEGER}, 
      #{name,jdbcType=CHAR})
  </insert>
  <insert id="insertSelective" parameterType="com.mingsoft.nvssauthor.domain.Resolution">
    <!--@mbg.generated-->
    insert into resolution
    <trim prefix="(" suffix=")" suffixOverrides=",">
      <if test="id != null">
        id,
      </if>
      <if test="width != null">
        width,
      </if>
      <if test="height != null">
        height,
      </if>
      <if test="name != null">
        `name`,
      </if>
    </trim>
    <trim prefix="values (" suffix=")" suffixOverrides=",">
      <if test="id != null">
        #{id,jdbcType=INTEGER},
      </if>
      <if test="width != null">
        #{width,jdbcType=INTEGER},
      </if>
      <if test="height != null">
        #{height,jdbcType=INTEGER},
      </if>
      <if test="name != null">
        #{name,jdbcType=CHAR},
      </if>
    </trim>
  </insert>
  <update id="updateByPrimaryKeySelective" parameterType="com.mingsoft.nvssauthor.domain.Resolution">
    <!--@mbg.generated-->
    update resolution
    <set>
      <if test="width != null">
        width = #{width,jdbcType=INTEGER},
      </if>
      <if test="height != null">
        height = #{height,jdbcType=INTEGER},
      </if>
      <if test="name != null">
        `name` = #{name,jdbcType=CHAR},
      </if>
    </set>
    where id = #{id,jdbcType=INTEGER}
  </update>
  <update id="updateByPrimaryKey" parameterType="com.mingsoft.nvssauthor.domain.Resolution">
    <!--@mbg.generated-->
    update resolution
    set width = #{width,jdbcType=INTEGER},
      height = #{height,jdbcType=INTEGER},
      `name` = #{name,jdbcType=CHAR}
    where id = #{id,jdbcType=INTEGER}
  </update>
</mapper>