<?xml version="1.0" encoding="UTF-8"?>
<!DOCTYPE mapper PUBLIC "-//mybatis.org//DTD Mapper 3.0//EN" "http://mybatis.org/dtd/mybatis-3-mapper.dtd">
<mapper namespace="com.mingsoft.nvssauthor.mapper.ServerTypeMapper">
  <resultMap id="BaseResultMap" type="com.mingsoft.nvssauthor.domain.ServerType">
    <!--@mbg.generated-->
    <!--@Table server_type-->
    <id column="id" jdbcType="INTEGER" property="id" />
    <result column="name" jdbcType="CHAR" property="name" />
  </resultMap>
  <sql id="Base_Column_List">
    <!--@mbg.generated-->
    id, `name`
  </sql>
  <select id="selectByPrimaryKey" parameterType="java.lang.Integer" resultMap="BaseResultMap">
    <!--@mbg.generated-->
    select 
    <include refid="Base_Column_List" />
    from server_type
    where id = #{id,jdbcType=INTEGER}
  </select>
  <delete id="deleteByPrimaryKey" parameterType="java.lang.Integer">
    <!--@mbg.generated-->
    delete from server_type
    where id = #{id,jdbcType=INTEGER}
  </delete>
  <insert id="insert" parameterType="com.mingsoft.nvssauthor.domain.ServerType">
    <!--@mbg.generated-->
    insert into server_type (id, `name`)
    values (#{id,jdbcType=INTEGER}, #{name,jdbcType=CHAR})
  </insert>
  <insert id="insertSelective" parameterType="com.mingsoft.nvssauthor.domain.ServerType">
    <!--@mbg.generated-->
    insert into server_type
    <trim prefix="(" suffix=")" suffixOverrides=",">
      <if test="id != null">
        id,
      </if>
      <if test="name != null">
        `name`,
      </if>
    </trim>
    <trim prefix="values (" suffix=")" suffixOverrides=",">
      <if test="id != null">
        #{id,jdbcType=INTEGER},
      </if>
      <if test="name != null">
        #{name,jdbcType=CHAR},
      </if>
    </trim>
  </insert>
  <update id="updateByPrimaryKeySelective" parameterType="com.mingsoft.nvssauthor.domain.ServerType">
    <!--@mbg.generated-->
    update server_type
    <set>
      <if test="name != null">
        `name` = #{name,jdbcType=CHAR},
      </if>
    </set>
    where id = #{id,jdbcType=INTEGER}
  </update>
  <update id="updateByPrimaryKey" parameterType="com.mingsoft.nvssauthor.domain.ServerType">
    <!--@mbg.generated-->
    update server_type
    set `name` = #{name,jdbcType=CHAR}
    where id = #{id,jdbcType=INTEGER}
  </update>
</mapper>