<?xml version="1.0" encoding="UTF-8"?>
<!DOCTYPE mapper PUBLIC "-//mybatis.org//DTD Mapper 3.0//EN" "http://mybatis.org/dtd/mybatis-3-mapper.dtd">
<mapper namespace="com.mingsoft.nvssauthor.mapper.ServerChannelMapper">
  <resultMap id="BaseResultMap" type="com.mingsoft.nvssauthor.domain.ServerChannel">
    <!--@mbg.generated-->
    <!--@Table server_channel-->
    <id column="channel_id" jdbcType="CHAR" property="channelId" />
    <id column="server_id" jdbcType="CHAR" property="serverId" />
  </resultMap>
  <delete id="deleteByPrimaryKey" parameterType="map">
    <!--@mbg.generated-->
    delete from server_channel
    where channel_id = #{channelId,jdbcType=CHAR}
      and server_id = #{serverId,jdbcType=CHAR}
  </delete>
  <insert id="insert" parameterType="com.mingsoft.nvssauthor.domain.ServerChannel">
    <!--@mbg.generated-->
    insert into server_channel (channel_id, server_id)
    values (#{channelId,jdbcType=CHAR}, #{serverId,jdbcType=CHAR})
  </insert>
  <insert id="insertSelective" parameterType="com.mingsoft.nvssauthor.domain.ServerChannel">
    <!--@mbg.generated-->
    insert into server_channel
    <trim prefix="(" suffix=")" suffixOverrides=",">
      <if test="channelId != null">
        channel_id,
      </if>
      <if test="serverId != null">
        server_id,
      </if>
    </trim>
    <trim prefix="values (" suffix=")" suffixOverrides=",">
      <if test="channelId != null">
        #{channelId,jdbcType=CHAR},
      </if>
      <if test="serverId != null">
        #{serverId,jdbcType=CHAR},
      </if>
    </trim>
  </insert>
</mapper>