<?xml version="1.0" encoding="UTF-8"?>
<!DOCTYPE mapper PUBLIC "-//mybatis.org//DTD Mapper 3.0//EN" "http://mybatis.org/dtd/mybatis-3-mapper.dtd">
<mapper namespace="com.mingsoft.nvssauthor.mapper.SwitchStateRecordPortMapper">
  <resultMap id="BaseResultMap" type="com.mingsoft.nvssauthor.domain.SwitchStateRecordPort">
    <!--@mbg.generated-->
    <!--@Table switch_state_record_port-->
    <id column="id" jdbcType="BIGINT" property="id" />
    <result column="recordid" jdbcType="BIGINT" property="recordid" />
    <result column="port" jdbcType="VARCHAR" property="port" />
    <result column="type" jdbcType="VARCHAR" property="type" />
    <result column="rate" jdbcType="VARCHAR" property="rate" />
    <result column="state" jdbcType="VARCHAR" property="state" />
    <result column="ip" jdbcType="VARCHAR" property="ip" />
    <result column="loss" jdbcType="VARCHAR" property="loss" />
  </resultMap>
  <sql id="Base_Column_List">
    <!--@mbg.generated-->
    id, recordid, port, `type`, rate, `state`, ip, loss
  </sql>
  <select id="selectByPrimaryKey" parameterType="java.lang.Long" resultMap="BaseResultMap">
    <!--@mbg.generated-->
    select 
    <include refid="Base_Column_List" />
    from switch_state_record_port
    where id = #{id,jdbcType=BIGINT}
  </select>
  <delete id="deleteByPrimaryKey" parameterType="java.lang.Long">
    <!--@mbg.generated-->
    delete from switch_state_record_port
    where id = #{id,jdbcType=BIGINT}
  </delete>
  <insert id="insert" keyColumn="id" keyProperty="id" parameterType="com.mingsoft.nvssauthor.domain.SwitchStateRecordPort" useGeneratedKeys="true">
    <!--@mbg.generated-->
    insert into switch_state_record_port (recordid, port, `type`, 
      rate, `state`, ip, loss
      )
    values (#{recordid,jdbcType=BIGINT}, #{port,jdbcType=VARCHAR}, #{type,jdbcType=VARCHAR}, 
      #{rate,jdbcType=VARCHAR}, #{state,jdbcType=VARCHAR}, #{ip,jdbcType=VARCHAR}, #{loss,jdbcType=VARCHAR}
      )
  </insert>
  <insert id="insertSelective" keyColumn="id" keyProperty="id" parameterType="com.mingsoft.nvssauthor.domain.SwitchStateRecordPort" useGeneratedKeys="true">
    <!--@mbg.generated-->
    insert into switch_state_record_port
    <trim prefix="(" suffix=")" suffixOverrides=",">
      <if test="recordid != null">
        recordid,
      </if>
      <if test="port != null">
        port,
      </if>
      <if test="type != null">
        `type`,
      </if>
      <if test="rate != null">
        rate,
      </if>
      <if test="state != null">
        `state`,
      </if>
      <if test="ip != null">
        ip,
      </if>
      <if test="loss != null">
        loss,
      </if>
    </trim>
    <trim prefix="values (" suffix=")" suffixOverrides=",">
      <if test="recordid != null">
        #{recordid,jdbcType=BIGINT},
      </if>
      <if test="port != null">
        #{port,jdbcType=VARCHAR},
      </if>
      <if test="type != null">
        #{type,jdbcType=VARCHAR},
      </if>
      <if test="rate != null">
        #{rate,jdbcType=VARCHAR},
      </if>
      <if test="state != null">
        #{state,jdbcType=VARCHAR},
      </if>
      <if test="ip != null">
        #{ip,jdbcType=VARCHAR},
      </if>
      <if test="loss != null">
        #{loss,jdbcType=VARCHAR},
      </if>
    </trim>
  </insert>
  <update id="updateByPrimaryKeySelective" parameterType="com.mingsoft.nvssauthor.domain.SwitchStateRecordPort">
    <!--@mbg.generated-->
    update switch_state_record_port
    <set>
      <if test="recordid != null">
        recordid = #{recordid,jdbcType=BIGINT},
      </if>
      <if test="port != null">
        port = #{port,jdbcType=VARCHAR},
      </if>
      <if test="type != null">
        `type` = #{type,jdbcType=VARCHAR},
      </if>
      <if test="rate != null">
        rate = #{rate,jdbcType=VARCHAR},
      </if>
      <if test="state != null">
        `state` = #{state,jdbcType=VARCHAR},
      </if>
      <if test="ip != null">
        ip = #{ip,jdbcType=VARCHAR},
      </if>
      <if test="loss != null">
        loss = #{loss,jdbcType=VARCHAR},
      </if>
    </set>
    where id = #{id,jdbcType=BIGINT}
  </update>
  <update id="updateByPrimaryKey" parameterType="com.mingsoft.nvssauthor.domain.SwitchStateRecordPort">
    <!--@mbg.generated-->
    update switch_state_record_port
    set recordid = #{recordid,jdbcType=BIGINT},
      port = #{port,jdbcType=VARCHAR},
      `type` = #{type,jdbcType=VARCHAR},
      rate = #{rate,jdbcType=VARCHAR},
      `state` = #{state,jdbcType=VARCHAR},
      ip = #{ip,jdbcType=VARCHAR},
      loss = #{loss,jdbcType=VARCHAR}
    where id = #{id,jdbcType=BIGINT}
  </update>
</mapper>