<?xml version="1.0" encoding="UTF-8"?>
<!DOCTYPE mapper PUBLIC "-//mybatis.org//DTD Mapper 3.0//EN" "http://mybatis.org/dtd/mybatis-3-mapper.dtd">
<mapper namespace="com.mingsoft.nvssauthor.mapper.TbAlarmTypeMapper">
  <resultMap id="BaseResultMap" type="com.mingsoft.nvssauthor.domain.TbAlarmType">
    <!--@mbg.generated-->
    <!--@Table tb_alarm_type-->
    <id column="id" jdbcType="INTEGER" property="id" />
    <result column="type_id" jdbcType="VARCHAR" property="typeId" />
    <result column="level" jdbcType="INTEGER" property="level" />
    <result column="description" jdbcType="VARCHAR" property="description" />
  </resultMap>
  <sql id="Base_Column_List">
    <!--@mbg.generated-->
    id, type_id, `level`, description
  </sql>
  <select id="selectByPrimaryKey" parameterType="java.lang.Integer" resultMap="BaseResultMap">
    <!--@mbg.generated-->
    select 
    <include refid="Base_Column_List" />
    from tb_alarm_type
    where id = #{id,jdbcType=INTEGER}
  </select>
  <delete id="deleteByPrimaryKey" parameterType="java.lang.Integer">
    <!--@mbg.generated-->
    delete from tb_alarm_type
    where id = #{id,jdbcType=INTEGER}
  </delete>
  <insert id="insert" parameterType="com.mingsoft.nvssauthor.domain.TbAlarmType">
    <!--@mbg.generated-->
    insert into tb_alarm_type (id, type_id, `level`, 
      description)
    values (#{id,jdbcType=INTEGER}, #{typeId,jdbcType=VARCHAR}, #{level,jdbcType=INTEGER}, 
      #{description,jdbcType=VARCHAR})
  </insert>
  <insert id="insertSelective" parameterType="com.mingsoft.nvssauthor.domain.TbAlarmType">
    <!--@mbg.generated-->
    insert into tb_alarm_type
    <trim prefix="(" suffix=")" suffixOverrides=",">
      <if test="id != null">
        id,
      </if>
      <if test="typeId != null">
        type_id,
      </if>
      <if test="level != null">
        `level`,
      </if>
      <if test="description != null">
        description,
      </if>
    </trim>
    <trim prefix="values (" suffix=")" suffixOverrides=",">
      <if test="id != null">
        #{id,jdbcType=INTEGER},
      </if>
      <if test="typeId != null">
        #{typeId,jdbcType=VARCHAR},
      </if>
      <if test="level != null">
        #{level,jdbcType=INTEGER},
      </if>
      <if test="description != null">
        #{description,jdbcType=VARCHAR},
      </if>
    </trim>
  </insert>
  <update id="updateByPrimaryKeySelective" parameterType="com.mingsoft.nvssauthor.domain.TbAlarmType">
    <!--@mbg.generated-->
    update tb_alarm_type
    <set>
      <if test="typeId != null">
        type_id = #{typeId,jdbcType=VARCHAR},
      </if>
      <if test="level != null">
        `level` = #{level,jdbcType=INTEGER},
      </if>
      <if test="description != null">
        description = #{description,jdbcType=VARCHAR},
      </if>
    </set>
    where id = #{id,jdbcType=INTEGER}
  </update>
  <update id="updateByPrimaryKey" parameterType="com.mingsoft.nvssauthor.domain.TbAlarmType">
    <!--@mbg.generated-->
    update tb_alarm_type
    set type_id = #{typeId,jdbcType=VARCHAR},
      `level` = #{level,jdbcType=INTEGER},
      description = #{description,jdbcType=VARCHAR}
    where id = #{id,jdbcType=INTEGER}
  </update>
</mapper>