<?xml version="1.0" encoding="UTF-8"?>
<!DOCTYPE mapper PUBLIC "-//mybatis.org//DTD Mapper 3.0//EN" "http://mybatis.org/dtd/mybatis-3-mapper.dtd">
<mapper namespace="com.mingsoft.nvssauthor.mapper.TbUserCamManageMapper">
  <resultMap id="BaseResultMap" type="com.mingsoft.nvssauthor.domain.TbUserCamManage">
    <!--@mbg.generated-->
    <!--@Table tb_user_cam_manage-->
    <id column="id" jdbcType="INTEGER" property="id" />
    <result column="res_id" jdbcType="VARCHAR" property="resId" />
    <result column="user_id" jdbcType="VARCHAR" property="userId" />
    <result column="status" jdbcType="INTEGER" property="status" />
    <result column="begin_time" jdbcType="VARCHAR" property="beginTime" />
    <result column="end_time" jdbcType="VARCHAR" property="endTime" />
    <result column="create_time" jdbcType="VARCHAR" property="createTime" />
  </resultMap>
  <sql id="Base_Column_List">
    <!--@mbg.generated-->
    id, res_id, user_id, `status`, begin_time, end_time, create_time
  </sql>
  <select id="selectByPrimaryKey" parameterType="java.lang.Integer" resultMap="BaseResultMap">
    <!--@mbg.generated-->
    select 
    <include refid="Base_Column_List" />
    from tb_user_cam_manage
    where id = #{id,jdbcType=INTEGER}
  </select>
  <delete id="deleteByPrimaryKey" parameterType="java.lang.Integer">
    <!--@mbg.generated-->
    delete from tb_user_cam_manage
    where id = #{id,jdbcType=INTEGER}
  </delete>
  <insert id="insert" keyColumn="id" keyProperty="id" parameterType="com.mingsoft.nvssauthor.domain.TbUserCamManage" useGeneratedKeys="true">
    <!--@mbg.generated-->
    insert into tb_user_cam_manage (res_id, user_id, `status`, 
      begin_time, end_time, create_time
      )
    values (#{resId,jdbcType=VARCHAR}, #{userId,jdbcType=VARCHAR}, #{status,jdbcType=INTEGER}, 
      #{beginTime,jdbcType=VARCHAR}, #{endTime,jdbcType=VARCHAR}, #{createTime,jdbcType=VARCHAR}
      )
  </insert>
  <insert id="insertSelective" keyColumn="id" keyProperty="id" parameterType="com.mingsoft.nvssauthor.domain.TbUserCamManage" useGeneratedKeys="true">
    <!--@mbg.generated-->
    insert into tb_user_cam_manage
    <trim prefix="(" suffix=")" suffixOverrides=",">
      <if test="resId != null">
        res_id,
      </if>
      <if test="userId != null">
        user_id,
      </if>
      <if test="status != null">
        `status`,
      </if>
      <if test="beginTime != null">
        begin_time,
      </if>
      <if test="endTime != null">
        end_time,
      </if>
      <if test="createTime != null">
        create_time,
      </if>
    </trim>
    <trim prefix="values (" suffix=")" suffixOverrides=",">
      <if test="resId != null">
        #{resId,jdbcType=VARCHAR},
      </if>
      <if test="userId != null">
        #{userId,jdbcType=VARCHAR},
      </if>
      <if test="status != null">
        #{status,jdbcType=INTEGER},
      </if>
      <if test="beginTime != null">
        #{beginTime,jdbcType=VARCHAR},
      </if>
      <if test="endTime != null">
        #{endTime,jdbcType=VARCHAR},
      </if>
      <if test="createTime != null">
        #{createTime,jdbcType=VARCHAR},
      </if>
    </trim>
  </insert>
  <update id="updateByPrimaryKeySelective" parameterType="com.mingsoft.nvssauthor.domain.TbUserCamManage">
    <!--@mbg.generated-->
    update tb_user_cam_manage
    <set>
      <if test="resId != null">
        res_id = #{resId,jdbcType=VARCHAR},
      </if>
      <if test="userId != null">
        user_id = #{userId,jdbcType=VARCHAR},
      </if>
      <if test="status != null">
        `status` = #{status,jdbcType=INTEGER},
      </if>
      <if test="beginTime != null">
        begin_time = #{beginTime,jdbcType=VARCHAR},
      </if>
      <if test="endTime != null">
        end_time = #{endTime,jdbcType=VARCHAR},
      </if>
      <if test="createTime != null">
        create_time = #{createTime,jdbcType=VARCHAR},
      </if>
    </set>
    where id = #{id,jdbcType=INTEGER}
  </update>
  <update id="updateByPrimaryKey" parameterType="com.mingsoft.nvssauthor.domain.TbUserCamManage">
    <!--@mbg.generated-->
    update tb_user_cam_manage
    set res_id = #{resId,jdbcType=VARCHAR},
      user_id = #{userId,jdbcType=VARCHAR},
      `status` = #{status,jdbcType=INTEGER},
      begin_time = #{beginTime,jdbcType=VARCHAR},
      end_time = #{endTime,jdbcType=VARCHAR},
      create_time = #{createTime,jdbcType=VARCHAR}
    where id = #{id,jdbcType=INTEGER}
  </update>
</mapper>