<?xml version="1.0" encoding="UTF-8"?>
<!DOCTYPE mapper PUBLIC "-//mybatis.org//DTD Mapper 3.0//EN" "http://mybatis.org/dtd/mybatis-3-mapper.dtd">
<mapper namespace="com.mingsoft.nvssauthor.mapper.TCorpMapper">
  <resultMap id="BaseResultMap" type="com.mingsoft.nvssauthor.domain.TCorp">
    <!--@mbg.generated-->
    <!--@Table t_corp-->
    <id column="cid" jdbcType="INTEGER" property="cid" />
    <result column="cname" jdbcType="VARCHAR" property="cname" />
    <result column="director" jdbcType="VARCHAR" property="director" />
    <result column="mobile" jdbcType="VARCHAR" property="mobile" />
    <result column="address" jdbcType="VARCHAR" property="address" />
  </resultMap>
  <sql id="Base_Column_List">
    <!--@mbg.generated-->
    cid, cname, director, mobile, address
  </sql>
  <select id="selectByPrimaryKey" parameterType="java.lang.Integer" resultMap="BaseResultMap">
    <!--@mbg.generated-->
    select 
    <include refid="Base_Column_List" />
    from t_corp
    where cid = #{cid,jdbcType=INTEGER}
  </select>
  <delete id="deleteByPrimaryKey" parameterType="java.lang.Integer">
    <!--@mbg.generated-->
    delete from t_corp
    where cid = #{cid,jdbcType=INTEGER}
  </delete>
  <insert id="insert" keyColumn="cid" keyProperty="cid" parameterType="com.mingsoft.nvssauthor.domain.TCorp" useGeneratedKeys="true">
    <!--@mbg.generated-->
    insert into t_corp (cname, director, mobile, 
      address)
    values (#{cname,jdbcType=VARCHAR}, #{director,jdbcType=VARCHAR}, #{mobile,jdbcType=VARCHAR}, 
      #{address,jdbcType=VARCHAR})
  </insert>
  <insert id="insertSelective" keyColumn="cid" keyProperty="cid" parameterType="com.mingsoft.nvssauthor.domain.TCorp" useGeneratedKeys="true">
    <!--@mbg.generated-->
    insert into t_corp
    <trim prefix="(" suffix=")" suffixOverrides=",">
      <if test="cname != null">
        cname,
      </if>
      <if test="director != null">
        director,
      </if>
      <if test="mobile != null">
        mobile,
      </if>
      <if test="address != null">
        address,
      </if>
    </trim>
    <trim prefix="values (" suffix=")" suffixOverrides=",">
      <if test="cname != null">
        #{cname,jdbcType=VARCHAR},
      </if>
      <if test="director != null">
        #{director,jdbcType=VARCHAR},
      </if>
      <if test="mobile != null">
        #{mobile,jdbcType=VARCHAR},
      </if>
      <if test="address != null">
        #{address,jdbcType=VARCHAR},
      </if>
    </trim>
  </insert>
  <update id="updateByPrimaryKeySelective" parameterType="com.mingsoft.nvssauthor.domain.TCorp">
    <!--@mbg.generated-->
    update t_corp
    <set>
      <if test="cname != null">
        cname = #{cname,jdbcType=VARCHAR},
      </if>
      <if test="director != null">
        director = #{director,jdbcType=VARCHAR},
      </if>
      <if test="mobile != null">
        mobile = #{mobile,jdbcType=VARCHAR},
      </if>
      <if test="address != null">
        address = #{address,jdbcType=VARCHAR},
      </if>
    </set>
    where cid = #{cid,jdbcType=INTEGER}
  </update>
  <update id="updateByPrimaryKey" parameterType="com.mingsoft.nvssauthor.domain.TCorp">
    <!--@mbg.generated-->
    update t_corp
    set cname = #{cname,jdbcType=VARCHAR},
      director = #{director,jdbcType=VARCHAR},
      mobile = #{mobile,jdbcType=VARCHAR},
      address = #{address,jdbcType=VARCHAR}
    where cid = #{cid,jdbcType=INTEGER}
  </update>
</mapper>