<?xml version="1.0" encoding="UTF-8"?>
<!DOCTYPE mapper PUBLIC "-//mybatis.org//DTD Mapper 3.0//EN" "http://mybatis.org/dtd/mybatis-3-mapper.dtd">
<mapper namespace="com.mingsoft.nvssauthor.mapper.TRoleMenuMapper">
  <resultMap id="BaseResultMap" type="com.mingsoft.nvssauthor.domain.TRoleMenu">
    <!--@mbg.generated-->
    <!--@Table t_role_menu-->
    <id column="rid" jdbcType="INTEGER" property="rid" />
    <id column="mid" jdbcType="INTEGER" property="mid" />
    <result column="dmlflag" jdbcType="TINYINT" property="dmlflag" />
    <result column="dmltime" jdbcType="TIMESTAMP" property="dmltime" />
  </resultMap>
  <sql id="Base_Column_List">
    <!--@mbg.generated-->
    rid, mid, dmlflag, dmltime
  </sql>
  <select id="selectByPrimaryKey" parameterType="map" resultMap="BaseResultMap">
    <!--@mbg.generated-->
    select 
    <include refid="Base_Column_List" />
    from t_role_menu
    where rid = #{rid,jdbcType=INTEGER}
      and mid = #{mid,jdbcType=INTEGER}
  </select>
  <delete id="deleteByPrimaryKey" parameterType="map">
    <!--@mbg.generated-->
    delete from t_role_menu
    where rid = #{rid,jdbcType=INTEGER}
      and mid = #{mid,jdbcType=INTEGER}
  </delete>
  <insert id="insert" parameterType="com.mingsoft.nvssauthor.domain.TRoleMenu">
    <!--@mbg.generated-->
    insert into t_role_menu (rid, mid, dmlflag, 
      dmltime)
    values (#{rid,jdbcType=INTEGER}, #{mid,jdbcType=INTEGER}, #{dmlflag,jdbcType=TINYINT}, 
      #{dmltime,jdbcType=TIMESTAMP})
  </insert>
  <insert id="insertSelective" parameterType="com.mingsoft.nvssauthor.domain.TRoleMenu">
    <!--@mbg.generated-->
    insert into t_role_menu
    <trim prefix="(" suffix=")" suffixOverrides=",">
      <if test="rid != null">
        rid,
      </if>
      <if test="mid != null">
        mid,
      </if>
      <if test="dmlflag != null">
        dmlflag,
      </if>
      <if test="dmltime != null">
        dmltime,
      </if>
    </trim>
    <trim prefix="values (" suffix=")" suffixOverrides=",">
      <if test="rid != null">
        #{rid,jdbcType=INTEGER},
      </if>
      <if test="mid != null">
        #{mid,jdbcType=INTEGER},
      </if>
      <if test="dmlflag != null">
        #{dmlflag,jdbcType=TINYINT},
      </if>
      <if test="dmltime != null">
        #{dmltime,jdbcType=TIMESTAMP},
      </if>
    </trim>
  </insert>
  <update id="updateByPrimaryKeySelective" parameterType="com.mingsoft.nvssauthor.domain.TRoleMenu">
    <!--@mbg.generated-->
    update t_role_menu
    <set>
      <if test="dmlflag != null">
        dmlflag = #{dmlflag,jdbcType=TINYINT},
      </if>
      <if test="dmltime != null">
        dmltime = #{dmltime,jdbcType=TIMESTAMP},
      </if>
    </set>
    where rid = #{rid,jdbcType=INTEGER}
      and mid = #{mid,jdbcType=INTEGER}
  </update>
  <update id="updateByPrimaryKey" parameterType="com.mingsoft.nvssauthor.domain.TRoleMenu">
    <!--@mbg.generated-->
    update t_role_menu
    set dmlflag = #{dmlflag,jdbcType=TINYINT},
      dmltime = #{dmltime,jdbcType=TIMESTAMP}
    where rid = #{rid,jdbcType=INTEGER}
      and mid = #{mid,jdbcType=INTEGER}
  </update>
</mapper>