<?xml version="1.0" encoding="UTF-8"?>
<!DOCTYPE mapper PUBLIC "-//mybatis.org//DTD Mapper 3.0//EN" "http://mybatis.org/dtd/mybatis-3-mapper.dtd">
<mapper namespace="com.mingsoft.nvssauthor.mapper.UserGroupMapper">
  <resultMap id="BaseResultMap" type="com.mingsoft.nvssauthor.domain.UserGroup">
    <!--@mbg.generated-->
    <!--@Table user_group-->
    <id column="id" jdbcType="INTEGER" property="id" />
    <result column="name" jdbcType="VARCHAR" property="name" />
    <result column="description" jdbcType="VARCHAR" property="description" />
  </resultMap>
  <sql id="Base_Column_List">
    <!--@mbg.generated-->
    id, `name`, description
  </sql>
  <select id="selectByPrimaryKey" parameterType="java.lang.Integer" resultMap="BaseResultMap">
    <!--@mbg.generated-->
    select 
    <include refid="Base_Column_List" />
    from user_group
    where id = #{id,jdbcType=INTEGER}
  </select>
  <delete id="deleteByPrimaryKey" parameterType="java.lang.Integer">
    <!--@mbg.generated-->
    delete from user_group
    where id = #{id,jdbcType=INTEGER}
  </delete>
  <insert id="insert" keyColumn="id" keyProperty="id" parameterType="com.mingsoft.nvssauthor.domain.UserGroup" useGeneratedKeys="true">
    <!--@mbg.generated-->
    insert into user_group (`name`, description)
    values (#{name,jdbcType=VARCHAR}, #{description,jdbcType=VARCHAR})
  </insert>
  <insert id="insertSelective" keyColumn="id" keyProperty="id" parameterType="com.mingsoft.nvssauthor.domain.UserGroup" useGeneratedKeys="true">
    <!--@mbg.generated-->
    insert into user_group
    <trim prefix="(" suffix=")" suffixOverrides=",">
      <if test="name != null">
        `name`,
      </if>
      <if test="description != null">
        description,
      </if>
    </trim>
    <trim prefix="values (" suffix=")" suffixOverrides=",">
      <if test="name != null">
        #{name,jdbcType=VARCHAR},
      </if>
      <if test="description != null">
        #{description,jdbcType=VARCHAR},
      </if>
    </trim>
  </insert>
  <update id="updateByPrimaryKeySelective" parameterType="com.mingsoft.nvssauthor.domain.UserGroup">
    <!--@mbg.generated-->
    update user_group
    <set>
      <if test="name != null">
        `name` = #{name,jdbcType=VARCHAR},
      </if>
      <if test="description != null">
        description = #{description,jdbcType=VARCHAR},
      </if>
    </set>
    where id = #{id,jdbcType=INTEGER}
  </update>
  <update id="updateByPrimaryKey" parameterType="com.mingsoft.nvssauthor.domain.UserGroup">
    <!--@mbg.generated-->
    update user_group
    set `name` = #{name,jdbcType=VARCHAR},
      description = #{description,jdbcType=VARCHAR}
    where id = #{id,jdbcType=INTEGER}
  </update>
</mapper>