<?xml version="1.0" encoding="UTF-8"?>
<!DOCTYPE mapper PUBLIC "-//mybatis.org//DTD Mapper 3.0//EN" "http://mybatis.org/dtd/mybatis-3-mapper.dtd">
<mapper namespace="com.mingsoft.nvssauthor.mapper.UserGroupRightMapper">
  <resultMap id="BaseResultMap" type="com.mingsoft.nvssauthor.domain.UserGroupRight">
    <!--@mbg.generated-->
    <!--@Table user_group_right-->
    <id column="user_id" jdbcType="CHAR" property="userId" />
    <id column="group_id" jdbcType="CHAR" property="groupId" />
    <result column="group_right" jdbcType="INTEGER" property="groupRight" />
  </resultMap>
  <sql id="Base_Column_List">
    <!--@mbg.generated-->
    user_id, group_id, group_right
  </sql>
  <select id="selectByPrimaryKey" parameterType="map" resultMap="BaseResultMap">
    <!--@mbg.generated-->
    select 
    <include refid="Base_Column_List" />
    from user_group_right
    where user_id = #{userId,jdbcType=CHAR}
      and group_id = #{groupId,jdbcType=CHAR}
  </select>
  <delete id="deleteByPrimaryKey" parameterType="map">
    <!--@mbg.generated-->
    delete from user_group_right
    where user_id = #{userId,jdbcType=CHAR}
      and group_id = #{groupId,jdbcType=CHAR}
  </delete>
  <insert id="insert" parameterType="com.mingsoft.nvssauthor.domain.UserGroupRight">
    <!--@mbg.generated-->
    insert into user_group_right (user_id, group_id, group_right
      )
    values (#{userId,jdbcType=CHAR}, #{groupId,jdbcType=CHAR}, #{groupRight,jdbcType=INTEGER}
      )
  </insert>
  <insert id="insertSelective" parameterType="com.mingsoft.nvssauthor.domain.UserGroupRight">
    <!--@mbg.generated-->
    insert into user_group_right
    <trim prefix="(" suffix=")" suffixOverrides=",">
      <if test="userId != null">
        user_id,
      </if>
      <if test="groupId != null">
        group_id,
      </if>
      <if test="groupRight != null">
        group_right,
      </if>
    </trim>
    <trim prefix="values (" suffix=")" suffixOverrides=",">
      <if test="userId != null">
        #{userId,jdbcType=CHAR},
      </if>
      <if test="groupId != null">
        #{groupId,jdbcType=CHAR},
      </if>
      <if test="groupRight != null">
        #{groupRight,jdbcType=INTEGER},
      </if>
    </trim>
  </insert>
  <update id="updateByPrimaryKeySelective" parameterType="com.mingsoft.nvssauthor.domain.UserGroupRight">
    <!--@mbg.generated-->
    update user_group_right
    <set>
      <if test="groupRight != null">
        group_right = #{groupRight,jdbcType=INTEGER},
      </if>
    </set>
    where user_id = #{userId,jdbcType=CHAR}
      and group_id = #{groupId,jdbcType=CHAR}
  </update>
  <update id="updateByPrimaryKey" parameterType="com.mingsoft.nvssauthor.domain.UserGroupRight">
    <!--@mbg.generated-->
    update user_group_right
    set group_right = #{groupRight,jdbcType=INTEGER}
    where user_id = #{userId,jdbcType=CHAR}
      and group_id = #{groupId,jdbcType=CHAR}
  </update>
</mapper>