<?xml version="1.0" encoding="UTF-8"?>
<!DOCTYPE mapper PUBLIC "-//mybatis.org//DTD Mapper 3.0//EN" "http://mybatis.org/dtd/mybatis-3-mapper.dtd">
<mapper namespace="com.mingsoft.nvssauthor.mapper.UserTreeMapper">
  <resultMap id="BaseResultMap" type="com.mingsoft.nvssauthor.domain.UserTree">
    <!--@mbg.generated-->
    <!--@Table user_tree-->
    <id column="user_id" jdbcType="CHAR" property="userId" />
    <id column="res_id" jdbcType="CHAR" property="resId" />
    <id column="parent_id" jdbcType="CHAR" property="parentId" />
    <result column="name" jdbcType="CHAR" property="name" />
    <result column="previous_id" jdbcType="CHAR" property="previousId" />
  </resultMap>
  <sql id="Base_Column_List">
    <!--@mbg.generated-->
    user_id, res_id, parent_id, `name`, previous_id
  </sql>
  <select id="selectByPrimaryKey" parameterType="map" resultMap="BaseResultMap">
    <!--@mbg.generated-->
    select 
    <include refid="Base_Column_List" />
    from user_tree
    where user_id = #{userId,jdbcType=CHAR}
      and res_id = #{resId,jdbcType=CHAR}
      and parent_id = #{parentId,jdbcType=CHAR}
  </select>
  <delete id="deleteByPrimaryKey" parameterType="map">
    <!--@mbg.generated-->
    delete from user_tree
    where user_id = #{userId,jdbcType=CHAR}
      and res_id = #{resId,jdbcType=CHAR}
      and parent_id = #{parentId,jdbcType=CHAR}
  </delete>
  <insert id="insert" parameterType="com.mingsoft.nvssauthor.domain.UserTree">
    <!--@mbg.generated-->
    insert into user_tree (user_id, res_id, parent_id, 
      `name`, previous_id)
    values (#{userId,jdbcType=CHAR}, #{resId,jdbcType=CHAR}, #{parentId,jdbcType=CHAR}, 
      #{name,jdbcType=CHAR}, #{previousId,jdbcType=CHAR})
  </insert>
  <insert id="insertSelective" parameterType="com.mingsoft.nvssauthor.domain.UserTree">
    <!--@mbg.generated-->
    insert into user_tree
    <trim prefix="(" suffix=")" suffixOverrides=",">
      <if test="userId != null">
        user_id,
      </if>
      <if test="resId != null">
        res_id,
      </if>
      <if test="parentId != null">
        parent_id,
      </if>
      <if test="name != null">
        `name`,
      </if>
      <if test="previousId != null">
        previous_id,
      </if>
    </trim>
    <trim prefix="values (" suffix=")" suffixOverrides=",">
      <if test="userId != null">
        #{userId,jdbcType=CHAR},
      </if>
      <if test="resId != null">
        #{resId,jdbcType=CHAR},
      </if>
      <if test="parentId != null">
        #{parentId,jdbcType=CHAR},
      </if>
      <if test="name != null">
        #{name,jdbcType=CHAR},
      </if>
      <if test="previousId != null">
        #{previousId,jdbcType=CHAR},
      </if>
    </trim>
  </insert>
  <update id="updateByPrimaryKeySelective" parameterType="com.mingsoft.nvssauthor.domain.UserTree">
    <!--@mbg.generated-->
    update user_tree
    <set>
      <if test="name != null">
        `name` = #{name,jdbcType=CHAR},
      </if>
      <if test="previousId != null">
        previous_id = #{previousId,jdbcType=CHAR},
      </if>
    </set>
    where user_id = #{userId,jdbcType=CHAR}
      and res_id = #{resId,jdbcType=CHAR}
      and parent_id = #{parentId,jdbcType=CHAR}
  </update>
  <update id="updateByPrimaryKey" parameterType="com.mingsoft.nvssauthor.domain.UserTree">
    <!--@mbg.generated-->
    update user_tree
    set `name` = #{name,jdbcType=CHAR},
      previous_id = #{previousId,jdbcType=CHAR}
    where user_id = #{userId,jdbcType=CHAR}
      and res_id = #{resId,jdbcType=CHAR}
      and parent_id = #{parentId,jdbcType=CHAR}
  </update>
</mapper>