<?xml version="1.0" encoding="UTF-8"?>
<!DOCTYPE mapper PUBLIC "-//mybatis.org//DTD Mapper 3.0//EN" "http://mybatis.org/dtd/mybatis-3-mapper.dtd">
<mapper namespace="com.mingsoft.nvssauthor.mapper.UserMapper">
  <resultMap id="BaseResultMap" type="com.mingsoft.nvssauthor.domain.User">
    <!--@mbg.generated-->
    <!--@Table user-->
    <id column="id" jdbcType="CHAR" property="id" />
    <result column="name" jdbcType="CHAR" property="name" />
    <result column="password" jdbcType="CHAR" property="password" />
  </resultMap>
  <sql id="Base_Column_List">
    <!--@mbg.generated-->
    id, `name`, `password`
  </sql>
  <select id="selectByPrimaryKey" parameterType="java.lang.String" resultMap="BaseResultMap">
    <!--@mbg.generated-->
    select 
    <include refid="Base_Column_List" />
    from user
    where id = #{id,jdbcType=CHAR}
  </select>
  <delete id="deleteByPrimaryKey" parameterType="java.lang.String">
    <!--@mbg.generated-->
    delete from user
    where id = #{id,jdbcType=CHAR}
  </delete>
  <insert id="insert" parameterType="com.mingsoft.nvssauthor.domain.User">
    <!--@mbg.generated-->
    insert into user (id, `name`, `password`)
    values (#{id,jdbcType=CHAR}, #{name,jdbcType=CHAR}, #{password,jdbcType=CHAR})
  </insert>
  <insert id="insertSelective" parameterType="com.mingsoft.nvssauthor.domain.User">
    <!--@mbg.generated-->
    insert into user
    <trim prefix="(" suffix=")" suffixOverrides=",">
      <if test="id != null">
        id,
      </if>
      <if test="name != null">
        `name`,
      </if>
      <if test="password != null">
        `password`,
      </if>
    </trim>
    <trim prefix="values (" suffix=")" suffixOverrides=",">
      <if test="id != null">
        #{id,jdbcType=CHAR},
      </if>
      <if test="name != null">
        #{name,jdbcType=CHAR},
      </if>
      <if test="password != null">
        #{password,jdbcType=CHAR},
      </if>
    </trim>
  </insert>
  <update id="updateByPrimaryKeySelective" parameterType="com.mingsoft.nvssauthor.domain.User">
    <!--@mbg.generated-->
    update user
    <set>
      <if test="name != null">
        `name` = #{name,jdbcType=CHAR},
      </if>
      <if test="password != null">
        `password` = #{password,jdbcType=CHAR},
      </if>
    </set>
    where id = #{id,jdbcType=CHAR}
  </update>
  <update id="updateByPrimaryKey" parameterType="com.mingsoft.nvssauthor.domain.User">
    <!--@mbg.generated-->
    update user
    set `name` = #{name,jdbcType=CHAR},
      `password` = #{password,jdbcType=CHAR}
    where id = #{id,jdbcType=CHAR}
  </update>

  <select id="findByUserName" parameterType="java.lang.String" resultMap="BaseResultMap">
  select
  <include refid="Base_Column_List"></include>
  from user
  where
  name = #{userName}
  </select>
</mapper>