<?xml version="1.0" encoding="UTF-8"?>
<!DOCTYPE mapper PUBLIC "-//mybatis.org//DTD Mapper 3.0//EN" "http://mybatis.org/dtd/mybatis-3-mapper.dtd">
<mapper namespace="com.mingsoft.nvssauthor.mapper.UserSecurityMapper">
  <resultMap id="BaseResultMap" type="com.mingsoft.nvssauthor.domain.UserSecurity">
    <!--@mbg.generated-->
    <!--@Table user_security-->
    <id column="user_id" jdbcType="VARCHAR" property="userId" />
    <result column="error_count" jdbcType="INTEGER" property="errorCount" />
    <result column="last_error_login_time" jdbcType="VARCHAR" property="lastErrorLoginTime" />
    <result column="description" jdbcType="VARCHAR" property="description" />
  </resultMap>
  <sql id="Base_Column_List">
    <!--@mbg.generated-->
    user_id, error_count, last_error_login_time, description
  </sql>
  <select id="selectByPrimaryKey" parameterType="java.lang.String" resultMap="BaseResultMap">
    <!--@mbg.generated-->
    select 
    <include refid="Base_Column_List" />
    from user_security
    where user_id = #{userId,jdbcType=VARCHAR}
  </select>
  <delete id="deleteByPrimaryKey" parameterType="java.lang.String">
    <!--@mbg.generated-->
    delete from user_security
    where user_id = #{userId,jdbcType=VARCHAR}
  </delete>
  <insert id="insert" parameterType="com.mingsoft.nvssauthor.domain.UserSecurity">
    <!--@mbg.generated-->
    insert into user_security (user_id, error_count, last_error_login_time, 
      description)
    values (#{userId,jdbcType=VARCHAR}, #{errorCount,jdbcType=INTEGER}, #{lastErrorLoginTime,jdbcType=VARCHAR}, 
      #{description,jdbcType=VARCHAR})
  </insert>
  <insert id="insertSelective" parameterType="com.mingsoft.nvssauthor.domain.UserSecurity">
    <!--@mbg.generated-->
    insert into user_security
    <trim prefix="(" suffix=")" suffixOverrides=",">
      <if test="userId != null">
        user_id,
      </if>
      <if test="errorCount != null">
        error_count,
      </if>
      <if test="lastErrorLoginTime != null">
        last_error_login_time,
      </if>
      <if test="description != null">
        description,
      </if>
    </trim>
    <trim prefix="values (" suffix=")" suffixOverrides=",">
      <if test="userId != null">
        #{userId,jdbcType=VARCHAR},
      </if>
      <if test="errorCount != null">
        #{errorCount,jdbcType=INTEGER},
      </if>
      <if test="lastErrorLoginTime != null">
        #{lastErrorLoginTime,jdbcType=VARCHAR},
      </if>
      <if test="description != null">
        #{description,jdbcType=VARCHAR},
      </if>
    </trim>
  </insert>
  <update id="updateByPrimaryKeySelective" parameterType="com.mingsoft.nvssauthor.domain.UserSecurity">
    <!--@mbg.generated-->
    update user_security
    <set>
      <if test="errorCount != null">
        error_count = #{errorCount,jdbcType=INTEGER},
      </if>
      <if test="lastErrorLoginTime != null">
        last_error_login_time = #{lastErrorLoginTime,jdbcType=VARCHAR},
      </if>
      <if test="description != null">
        description = #{description,jdbcType=VARCHAR},
      </if>
    </set>
    where user_id = #{userId,jdbcType=VARCHAR}
  </update>
  <update id="updateByPrimaryKey" parameterType="com.mingsoft.nvssauthor.domain.UserSecurity">
    <!--@mbg.generated-->
    update user_security
    set error_count = #{errorCount,jdbcType=INTEGER},
      last_error_login_time = #{lastErrorLoginTime,jdbcType=VARCHAR},
      description = #{description,jdbcType=VARCHAR}
    where user_id = #{userId,jdbcType=VARCHAR}
  </update>
</mapper>