<?xml version="1.0" encoding="UTF-8"?>
<!DOCTYPE mapper PUBLIC "-//mybatis.org//DTD Mapper 3.0//EN" "http://mybatis.org/dtd/mybatis-3-mapper.dtd">
<mapper namespace="com.mingsoft.nvssauthor.mapper.UserGroupResourceMapper">
  <resultMap id="BaseResultMap" type="com.mingsoft.nvssauthor.domain.UserGroupResource">
    <!--@mbg.generated-->
    <!--@Table user_group_resource-->
    <id column="user_id" jdbcType="VARCHAR" property="userId" />
    <result column="group_id" jdbcType="INTEGER" property="groupId" />
    <result column="name" jdbcType="VARCHAR" property="name" />
  </resultMap>
  <sql id="Base_Column_List">
    <!--@mbg.generated-->
    user_id, group_id, `name`
  </sql>
  <select id="selectByPrimaryKey" parameterType="java.lang.String" resultMap="BaseResultMap">
    <!--@mbg.generated-->
    select 
    <include refid="Base_Column_List" />
    from user_group_resource
    where user_id = #{userId,jdbcType=VARCHAR}
  </select>
  <delete id="deleteByPrimaryKey" parameterType="java.lang.String">
    <!--@mbg.generated-->
    delete from user_group_resource
    where user_id = #{userId,jdbcType=VARCHAR}
  </delete>
  <insert id="insert" parameterType="com.mingsoft.nvssauthor.domain.UserGroupResource">
    <!--@mbg.generated-->
    insert into user_group_resource (user_id, group_id, `name`
      )
    values (#{userId,jdbcType=VARCHAR}, #{groupId,jdbcType=INTEGER}, #{name,jdbcType=VARCHAR}
      )
  </insert>
  <insert id="insertSelective" parameterType="com.mingsoft.nvssauthor.domain.UserGroupResource">
    <!--@mbg.generated-->
    insert into user_group_resource
    <trim prefix="(" suffix=")" suffixOverrides=",">
      <if test="userId != null">
        user_id,
      </if>
      <if test="groupId != null">
        group_id,
      </if>
      <if test="name != null">
        `name`,
      </if>
    </trim>
    <trim prefix="values (" suffix=")" suffixOverrides=",">
      <if test="userId != null">
        #{userId,jdbcType=VARCHAR},
      </if>
      <if test="groupId != null">
        #{groupId,jdbcType=INTEGER},
      </if>
      <if test="name != null">
        #{name,jdbcType=VARCHAR},
      </if>
    </trim>
  </insert>
  <update id="updateByPrimaryKeySelective" parameterType="com.mingsoft.nvssauthor.domain.UserGroupResource">
    <!--@mbg.generated-->
    update user_group_resource
    <set>
      <if test="groupId != null">
        group_id = #{groupId,jdbcType=INTEGER},
      </if>
      <if test="name != null">
        `name` = #{name,jdbcType=VARCHAR},
      </if>
    </set>
    where user_id = #{userId,jdbcType=VARCHAR}
  </update>
  <update id="updateByPrimaryKey" parameterType="com.mingsoft.nvssauthor.domain.UserGroupResource">
    <!--@mbg.generated-->
    update user_group_resource
    set group_id = #{groupId,jdbcType=INTEGER},
      `name` = #{name,jdbcType=VARCHAR}
    where user_id = #{userId,jdbcType=VARCHAR}
  </update>
</mapper>